Nombre,Estrellas,Reseñas,Telefono,Situacion
Clínica Veterinaria Paysandú,N/A,0,"
099 721 383",Sin presencia web
Veterinaria Nan,N/A,0,"
4723 4039",Sin presencia web
Animalitos,N/A,0,"
091 376 500",Sin presencia web
Perro Verde,N/A,0,"
091 221 368",Sin presencia web
Veterinaria Mi MASCOTA,N/A,0,"
099 722 218",Sin presencia web
Huellitas Veterinaria,N/A,0,"
4722 1726",Sin presencia web
Como Perros Y Gatos,N/A,0,"
4724 1926",Sin presencia web
Clínica Veterinaria Uruguay,N/A,0,"
4722 4106",Sin presencia web
Agroveterinaria del Norte,N/A,0,"
091 722 020",Sin presencia web
"Veterinaria ""La Baguala""",N/A,0,"
4722 1021",Solo redes (https://www.facebook.com/veterinaria-la-baguala-2270655126287051/)
