Nombre,Telefono,Nota
Odontología Siglo XXI,"
4722 5758",Solo tiene Redes Sociales
ECODENT - odontología,"
099 139 423",Sin presencia web
Consultorio Odontológico Dra Carolina Buenaventura,"
4722 2950",Sin presencia web
Salud Bucal,"
099 736 138",Sin presencia web
Clínica Odontológica del Dr. Rossano,"
4722 4442",Sin presencia web
Dentista Dra. Ximena Ungo,"
091 692 688",Sin presencia web
Clinica Resurguir,"
4725 0187",Sin presencia web
DENTHOR Laboratorio de Mecánica dental,"
098 822 942",Sin presencia web
Odontología Integral,"
092 939 598",Sin presencia web
La Clinica,No disponible,Sin presencia web
Consultorio dental Dr Fernando De Izaguirre,"
099 327 022",Sin presencia web
